﻿<?xml version="1.0" encoding="utf-8"?>

<Defs>
  <SoundDef>
    <defName>CactoidBlowgunSound</defName>  
    <context>MapOnly</context>
    <eventNames />  
    <subSounds>
      <li>
        <grains>
          <li Class="AudioGrain_Clip">
            <clipPath>Weapon/blowgun</clipPath>
          </li>
        </grains>      
        <volumeRange>
          <min>100</min>        
          <max>98</max>
        </volumeRange>      
        <pitchRange>
          <min>0.9</min>        
          <max>1.3</max>
        </pitchRange>
      </li>
    </subSounds>
  </SoundDef>
</Defs>
 