<?xml version="1.0" encoding="utf-8" ?>
<Defs>
	<ThingDef Name="BasePawn" Abstract="True">
		 <thingClass>Pawn</thingClass>
		 <category>Pawn</category>
		 <selectable>true</selectable>
		 <tickerType>Normal</tickerType>
		 <altitudeLayer>Pawn</altitudeLayer>
		 <useHitPoints>false</useHitPoints>
		 <hasTooltip>true</hasTooltip>
		 <soundImpactDefault>BulletImpact_Flesh</soundImpactDefault>
		 <inspectorTabs>
			<li>ITab_Pawn_Health</li>
			<li>ITab_Pawn_Needs</li>
			<li>ITab_Pawn_Character</li>
			<li>ITab_Pawn_Training</li>
			<li>ITab_Pawn_Social</li>
			<li>ITab_Pawn_Guest</li>
			<li>ITab_Pawn_Prisoner</li>
			<li>ITab_Pawn_FormingCaravan</li>
			<li>ITab_Pawn_Gear</li>
			<li>ITab_Pawn_Log</li>
		 </inspectorTabs>
		 <comps>
			  <li>
					<compClass>CompAttachBase</compClass>
			  </li>
		 </comps>
		 <drawGUIOverlay>true</drawGUIOverlay>
	</ThingDef>
	
	<AlienRace.ThingDef_AlienRace ParentName="BasePawn">
		<defName>Alien_Cactoid</defName>
		<label>cactoid</label>
		<description>A hardy human-cactus hybrid species able to live in harse conditions.</description>

		<alienRace>
			<generalSettings>
				<maleGenderProbability>0.5</maleGenderProbability>
				<immuneToAge>false</immuneToAge>
				<canLayDown>true</canLayDown>
				<forcedRaceTraitEntries>
					<li>
						<defName>CactoidPyrophobia</defName>
						<chance>33</chance>
					</li>
				</forcedRaceTraitEntries>
            <disallowedTraits>
               <li>Pyromaniac</li>
            </disallowedTraits>
				
           	<factionRelations>
               <li>
                  <factions>
							<li>CactoidFaction</li>
							<li>CactoidPlayerTribe</li>
                  </factions>
                  <goodwill>
                     <min>40</min>
                     <max>79</max>
                  </goodwill>
               </li>               
            </factionRelations>	
				
				<maxDamageForSocialfight>5</maxDamageForSocialfight>
				<alienPartGenerator>
					<aliencrowntypes>
						<li>Average_Normal</li>
					</aliencrowntypes>
					<alienbodytypes>
						<li>Thin</li>
						<li>Fat</li>
						<li>Male</li>
						<li>Female</li>
					</alienbodytypes>
					<alienskincolorgen Class="ColorGenerator_Options">
						<options> 
							<li>
								<weight>1</weight>
								<min>RGBA(0.18,0.27,0.10,1)</min>
								<max>RGBA(0.25,0.4,0.18,1)</max>
							</li>
							<li>
								<weight>1</weight>
								<min>RGBA(0.48,0.66,0.30,1)</min>
								<max>RGBA(0.65,1,0.48,1)</max>
							</li>
	
							<!--  Large Range of Green Colors -->
							<li>
								<weight>20</weight>
								<min>RGBA(0.28,0.47,0.20,1)</min>
								<max>RGBA(0.45,0.8,0.28,1)</max>
							</li>
						</options>
					</alienskincolorgen>
					<alienhaircolorgen Class="ColorGenerator_Options">
						<options>
							<li> <!-- Dark Pink -->
								<weight>5</weight>
								<min>RGBA(0.968,0.179,0.742,1)</min>
								<max>RGBA(1,0.22,0.785,1)</max>
							</li>
							<li> <!-- Very Light Pink -->
								<weight>5</weight>
								<min>RGBA(0.945,0.781,0.875,1)</min>
								<max>RGBA(0.985,0.821,0.915,1)</max>
							</li>
							<li> <!-- Orange Pink -->
								<weight>5</weight>
								<min>RGBA(0.843,0.539,0.46,1)</min>
								<max>RGBA(0.883,0.579,0.5,1)</max>
							</li>
							<li> <!-- Gold -->
								<weight>5</weight>
								<min>RGBA(0.976,0.691,0.164,1)</min>
								<max>RGBA(1,0.731,0.204,1)</max>
							</li>
							<li> <!-- Orange -->
								<weight>5</weight>
								<min>RGBA(0.949,0.328,0.000,1)</min>
								<max>RGBA(0.989,0.368,0.020,1)</max>
							</li>
							<li> <!-- Lavender -->
								<weight>5</weight>
								<min>RGBA(0.710,0.5,0.937,1)</min>
								<max>RGBA(0.750,0.540,0.977,1)</max>
							</li>
							<li> <!-- White Purple -->
								<weight>5</weight>
								<min>RGBA(0.785,0.652,0.953,1)</min>
								<max>RGBA(0.825,0.692,0.993,1)</max>
							</li>
							<li> <!-- Light Purple -->
								<weight>5</weight>
								<min>RGBA(0.664,0.550,0.964,1)</min>
								<max>RGBA(0.704,0.590,1,1)</max>
							</li>
							<li> <!-- Yellow -->
								<weight>5</weight>
								<min>RGBA(0.832,0.769,0,1)</min>
								<max>RGBA(0.872,0.809,0.032,1)</max>
							</li>
						</options>
					</alienhaircolorgen>
					<useGenderedHeads>true</useGenderedHeads>
				</alienPartGenerator>			
			</generalSettings>
			<graphicPaths>
				<li>
					<body>Things/Pawn/Humanlike/Cactoid/Body/</body>
					<head>Things/Pawn/Humanlike/Cactoid/Head/</head>
				</li>
			</graphicPaths>
			<hairSettings>
				<hasHair>true</hasHair>
				<getsGreyAt>125</getsGreyAt>
				<hairTags>
					<li>CactoidHair</li>
				</hairTags>
			</hairSettings>
			<relationSettings>
				<relationChanceModifierSibling>3</relationChanceModifierSibling>
				<renamer>
					<li>
					  <relation>Parent</relation>
					  <label>Progenitor</label>
					  <femaleLabel>Progenitor</femaleLabel>
					</li>
					<li>
						<relation>Child</relation>
						<label>Child</label>
						<femaleLabel>Child</femaleLabel>
					</li>
					<li>
						<relation>Spouse</relation>
						<label>Spouse</label>
						<femaleLabel>Spouse</femaleLabel>
					</li>
					<li>
						<relation>ExSpouse</relation>
						<label>ExSpouse</label>
						<femaleLabel>ExSpouse</femaleLabel>
					</li>
					<li>
						<relation>Sibling</relation>
						<label>Sibling</label>
						<femaleLabel>Sibling</femaleLabel>
					</li>
					<li>
						<relation>Fiance</relation>
						<label>Betrothed</label>
						<femaleLabel>Betrothed</femaleLabel>
					</li>
				</renamer>
			</relationSettings>
			<raceRestriction>
            <plantList>
                <li>PlantGoldAgave</li>
            </plantList>
				<recipeList>
					<li>Make_MeleeWeapon_LongNeedle</li>
					<li>Make_CactoidBlowgun</li>
				</recipeList>
            <traitList>
                <li>CactoidPyrophobia</li>
            </traitList>				
			</raceRestriction>
		</alienRace>		
		<statBases>
			<MarketValue>1500</MarketValue>
			<MoveSpeed>4.25</MoveSpeed>
			<Flammability>1.1</Flammability>
			<ComfyTemperatureMin>0</ComfyTemperatureMin>
			<ComfyTemperatureMax>40</ComfyTemperatureMax>
			<LeatherAmount>10</LeatherAmount>
			<PsychicSensitivity>0.5</PsychicSensitivity>
			<PlantWorkSpeed>1.25</PlantWorkSpeed>
			<ResearchSpeed>0.8</ResearchSpeed>
			<Mass>70</Mass>
		</statBases>
		<tools>
			<li>
				<label>left fist</label>
				<capacities>
					<li>Blunt</li>
					<li>Poke</li>
				</capacities>
				<power>10.5</power>
				<cooldownTime>2</cooldownTime>
				<linkedBodyPartsGroup>LeftHand</linkedBodyPartsGroup>
				<surpriseAttack>
					<extraMeleeDamages>
						<li>
							<def>Stun</def>
							<amount>16</amount>
						</li>
					</extraMeleeDamages>
				</surpriseAttack>
			</li>
			<li>
				<label>right fist</label>
				<capacities>
					<li>Blunt</li>
					<li>Poke</li>
				</capacities>
				<power>10.5</power>
				<cooldownTime>2</cooldownTime>
				<linkedBodyPartsGroup>RightHand</linkedBodyPartsGroup>
				<surpriseAttack>
					<extraMeleeDamages>
						<li>
							<def>Stun</def>
							<amount>16</amount>
						</li>
					</extraMeleeDamages>
				</surpriseAttack>
			</li>			
			<li>
				<label>teeth</label>
				<capacities>
					<li>Bite</li>
				</capacities>
				<power>8.2</power>
				<cooldownTime>2</cooldownTime>
				<linkedBodyPartsGroup>Teeth</linkedBodyPartsGroup>
				<chanceFactor>0.07</chanceFactor>
			</li>
			<li>
				<label>head</label>
				<capacities>
					<li>Blunt</li>
				</capacities>
				<power>5</power>
				<cooldownTime>2</cooldownTime>
				<linkedBodyPartsGroup>HeadAttackTool</linkedBodyPartsGroup>
				<ensureLinkedBodyPartsGroupAlwaysUsable>true</ensureLinkedBodyPartsGroupAlwaysUsable>
				<chanceFactor>0.2</chanceFactor>
			</li>		
		</tools>
		<race>
			<thinkTreeMain>Humanlike</thinkTreeMain>
			<thinkTreeConstant>HumanlikeConstant</thinkTreeConstant>
			<intelligence>Humanlike</intelligence>
			<makesFootprints>true</makesFootprints>	
			<lifeExpectancy>160</lifeExpectancy>
			<nameCategory>HumanStandard</nameCategory>
			
			<body>CactoidBody</body>
			<baseBodySize>1</baseBodySize>
			<baseHealthScale>1.25</baseHealthScale>
			<foodType>OmnivoreHuman</foodType>
			<gestationPeriodDays>45</gestationPeriodDays>
			<litterSizeCurve>
				<points>
					<li>(0.5, 0)</li>
					<li>(1, 1)</li>
					<li>(1.01, 0.02)</li>
					<li>(3.5, 0)</li>
				</points>
			</litterSizeCurve>
			<lifeStageAges>
				<li>
					<def>CactoidSeedlingStage</def>
					<minAge>0</minAge>
				</li>
				<li>
					<def>CactoidYoungStage</def>
					<minAge>2</minAge>
				</li>
				<li>
					<def>CactoidAdolescentStage</def>
					<minAge>15</minAge>
				</li>
				<li>
					<def>CactoidAdultStage</def>
					<minAge>30</minAge>
				</li>
				<li>
					<def>CactoidElderStage</def>
					<minAge>120</minAge>
				</li>
				<li>
					<def>CactoidAncientStage</def>
					<minAge>140</minAge>
				</li>
			</lifeStageAges>
			<soundMeleeHitPawn>Pawn_Melee_Punch_HitPawn</soundMeleeHitPawn>
			<soundMeleeHitBuilding>Pawn_Melee_Punch_HitBuilding</soundMeleeHitBuilding>
			<soundMeleeMiss>Pawn_Melee_Punch_Miss</soundMeleeMiss>
			<specialShadowData>
				<volume>(0.3, 0.8, 0.4)</volume>
				<offset>(0,0,-0.3)</offset>
			</specialShadowData>
			<ageGenerationCurve>
				<points>
					<li>(16,0)</li>
					<li>(20,50)</li>
					<li>(50,100)</li>
					<li>(100,70)</li>
					<li>(110,18)</li>
					<li>(120,10)</li>
					<li>(130,3)</li>
					<li>(150,0)</li>
				</points>
			</ageGenerationCurve>
		    <hediffGiverSets>
				<li>OrganicStandard</li>
				<li>Human</li>
			</hediffGiverSets>
		</race>
    <recipes>
      <li>InstallArchotechEye</li>
      <li>InstallArchotechArm</li>
      <li>InstallArchotechLeg</li>
      <li>InstallPowerClaw</li>
      <li>InstallBionicEye</li>
      <li>InstallBionicArm</li>
      <li>InstallBionicLeg</li>
      <li>InstallBionicSpine</li>
      <li>InstallBionicHeart</li>
      <li>InstallBionicStomach</li>
      <li>InstallBionicEar</li>
      <li>InstallSimpleProstheticArm</li>
      <li>InstallSimpleProstheticLeg</li>
      <li>InstallSimpleProstheticHeart</li>
      <li>InstallCochlearImplant</li>
      <li>InstallPegLeg</li>
      <li>InstallWoodenFoot</li>
      <li>InstallDenture</li>
      <li>InstallJoywire</li>
      <li>InstallPainstopper</li>
      <li>InstallNaturalHeart</li>
      <li>InstallNaturalLung</li>
      <li>InstallNaturalKidney</li>
      <li>InstallNaturalLiver</li>
      <li>ExciseCarcinoma</li>
      <li>AdministerMechSerumHealer</li>
      <li>RemoveBodyPart</li>
      <li>Euthanize</li>
      <li>Anesthetize</li>
    </recipes>		
	</AlienRace.ThingDef_AlienRace>
	
	<AlienRace.RaceSettings>
		<defName>CactoidRaceSettings</defName>
	
		<pawnKindSettings>
			<startingColonists>
				<li>
					<pawnKindEntries>
						<li>
							<kindDefs>
								<li>PlayerCactoid</li>
							</kindDefs>
							<chance>7.0</chance>
						</li>
					</pawnKindEntries>
					<factionDefs>
						<li>PlayerTribe</li> 
					</factionDefs>
				</li>
			</startingColonists>
		
			<alienslavekinds>
				<li>
					<kindDefs>
						<li>PlayerCactoid</li>
					</kindDefs>
					<chance>12.0</chance>
				</li>
			</alienslavekinds>
			<alienrefugeekinds>
				<li>
					<kindDefs>
						<li>PlayerCactoid</li>
					</kindDefs>
					<chance>6.0</chance>
				</li>
			</alienrefugeekinds>
			<alienwandererkinds>
				<li>
					<pawnKindEntries>
						<li>
							<kindDefs>
								<li>CactoidMelee</li>
							</kindDefs>
							<chance>10.0</chance>
						</li>
					</pawnKindEntries>
					<factionDefs>
						<li>PlayerColony</li>
						<li>PlayerTribe</li>
						<li>CactoidPlayerTribe</li>
					</factionDefs>
				</li>
			</alienwandererkinds>			
		</pawnKindSettings>
	
	</AlienRace.RaceSettings>
</Defs>