﻿<?xml version="1.0" encoding="utf-8" ?>
<Defs>
  
	<LifeStageDef>
		<defName>CactoidSeedlingStage</defName>
		<label>seedling</label>
		<bodySizeFactor>0.2</bodySizeFactor>
		<healthScaleFactor>0.2</healthScaleFactor>
		<hungerRateFactor>0.2</hungerRateFactor>
		<marketValueFactor>0.5</marketValueFactor>
		<statFactors>
			<MoveSpeed>0.2</MoveSpeed>
		</statFactors>
	</LifeStageDef>

	<LifeStageDef>
		<defName>CactoidYoungStage</defName>
		<label>sprout</label>
		<bodySizeFactor>0.5</bodySizeFactor>
		<healthScaleFactor>0.5</healthScaleFactor>
		<hungerRateFactor>0.5</hungerRateFactor>
		<marketValueFactor>0.9</marketValueFactor>
		<statFactors>
			<MoveSpeed>0.65</MoveSpeed>
		</statFactors>
	</LifeStageDef>

   <LifeStageDef>
		<defName>CactoidAdolescentStage</defName>
		<label>flowerling</label>
		<bodySizeFactor>0.8</bodySizeFactor>
		<hungerRateFactor>0.6</hungerRateFactor>
		<visible>false</visible>
		<reproductive>true</reproductive>
	</LifeStageDef>

  
  
	<LifeStageDef>
		<defName>CactoidAdultStage</defName>
		<hungerRateFactor>0.7</hungerRateFactor>
		<label>adult</label>
		<visible>false</visible>
		<reproductive>true</reproductive>
	</LifeStageDef>

	<LifeStageDef>
		<defName>CactoidElderStage</defName>
		<bodySizeFactor>1.1</bodySizeFactor>
		<healthScaleFactor>1.1</healthScaleFactor>
		<hungerRateFactor>0.8</hungerRateFactor>
		<marketValueFactor>1.1</marketValueFactor>
		<label>elder</label>
		<visible>true</visible>
		<reproductive>true</reproductive>
		<statFactors>
			<MoveSpeed>1.1</MoveSpeed>
		</statFactors>	 
	</LifeStageDef>
  
	<LifeStageDef>
		<defName>CactoidAncientStage</defName>
		<bodySizeFactor>1.2</bodySizeFactor>
		<healthScaleFactor>1.2</healthScaleFactor>
		<hungerRateFactor>0.9</hungerRateFactor>
		<marketValueFactor>1.2</marketValueFactor>
		<label>ancient</label>
		<visible>true</visible>
		<reproductive>true</reproductive>
		<statFactors>
			<MoveSpeed>1.2</MoveSpeed>
		</statFactors>
	</LifeStageDef>

</Defs>