﻿<?xml version="1.0" encoding="utf-8"?>

<Defs>
	<PawnKindDef Name="CactoidBase" Abstract="True">
		<defaultFactionType>CactoidFaction</defaultFactionType>
		<race>Alien_Cactoid</race>
		<backstoryCategories>
			<li>Tribal</li>
		</backstoryCategories>
		<chemicalAddictionChance>0.02</chemicalAddictionChance>
		<baseRecruitDifficulty>0.7</baseRecruitDifficulty>
		<invNutrition>2.3</invNutrition>
		<invFoodDef>RawAgave</invFoodDef>
		<apparelTags>
			<li>Tribal</li>
		</apparelTags>
	</PawnKindDef>
	
	<PawnKindDef Name="CactoidMelee" Parentname="CactoidBase">
		<defName>CactoidMelee</defName>
		<label>fighter</label>
		<race>Alien_Cactoid</race>
		<backstoryCategories>
			<li>Tribal</li>
		</backstoryCategories>

		<combatPower>48</combatPower>
		<maxGenerationAge>75</maxGenerationAge>
		<gearHealthRange>
			<min>0.4</min>
			<max>1.8</max>
		</gearHealthRange>
		<apparelMoney>
			<min>150</min>
			<max>300</max>
		</apparelMoney>
		<weaponMoney>
			<min>155</min>
			<max>450</max>
		</weaponMoney>
		<weaponTags>
			<li>NeolithicMeleeDecent</li>
			<li>NeolithicMeleeAdvanced</li>
		</weaponTags>
	</PawnKindDef>
	
	<PawnKindDef Parentname="CactoidMelee">
		<defName>CactoidTrader</defName>
		<label>keeper</label>
		<trader>true</trader>
		<race>Alien_Cactoid</race>
		<backstoryCategories>
			<li>Tribal</li>
		</backstoryCategories>
		<baseRecruitDifficulty>0.78</baseRecruitDifficulty>
		<invNutrition>3</invNutrition>
		<invFoodDef>RawAgave</invFoodDef>
		<combatPower>70</combatPower>
		<minGenerationAge>76</minGenerationAge>
		<maxGenerationAge>120</maxGenerationAge>
		<gearHealthRange>
			<min>1</min>
			<max>2.5</max>
		</gearHealthRange>
		<apparelMoney>
			<min>450</min>
			<max>600</max>
		</apparelMoney>
		<weaponMoney>
			<min>500</min>
			<max>750</max>
		</weaponMoney>
		<weaponTags>
			<li>NeolithicMeleeAdvanced</li>
			<li>NeolithicRangedBasic</li>
		</weaponTags>		
	</PawnKindDef>
	
	<PawnKindDef Name="CactoidRanged" Parentname="CactoidBase">
		<defName>CactoidRanged</defName>
		<label>needler</label>
		<race>Alien_Cactoid</race>
		<defaultFactionType>CactoidFaction</defaultFactionType>
		<backstoryCategories>
			<li>Tribal</li>
		</backstoryCategories>
		<chemicalAddictionChance>0.02</chemicalAddictionChance>
		<baseRecruitDifficulty>0.7</baseRecruitDifficulty>
		<invNutrition>2.3</invNutrition>
		<invFoodDef>RawAgave</invFoodDef>
		<combatPower>50</combatPower>
		<maxGenerationAge>100</maxGenerationAge>
		<gearHealthRange>
			<min>0.4</min>
			<max>2.0</max>
		</gearHealthRange>
		<apparelMoney>
			<min>150</min>
			<max>350</max>
		</apparelMoney>
		<weaponMoney>
			<min>400</min>
			<max>500</max>
		</weaponMoney>
		<weaponTags>
			<li>NeolithicRangedBasic</li>
		</weaponTags>
	</PawnKindDef>
	
	<PawnKindDef Parentname="CactoidBase">
		<defName>CactoidChief</defName>
		<label>primogenitor</label>
		<race>Alien_Cactoid</race>
		<backstoryCategories>
			<li>Tribal</li>
		</backstoryCategories>
		<minGenerationAge>100</minGenerationAge>
		<combatPower>85</combatPower>
		<baseRecruitDifficulty>0.92</baseRecruitDifficulty>
		<itemQuality>Good</itemQuality>
		<factionLeader>true</factionLeader>
		<gearHealthRange>
			<min>0.75</min>
			<max>3.0</max>
		</gearHealthRange>
		<apparelMoney>
			<min>500</min>
			<max>1500</max>
		</apparelMoney>
		<weaponMoney>
			<min>750</min>
			<max>950</max>
		</weaponMoney>
		<weaponTags>
			<li>NeolithicMeleeAdvanced</li>
			<li>NeolithicRangedChief</li>
		</weaponTags>
	</PawnKindDef>	
</Defs>
