<?xml version="1.0" encoding="utf-8"?>
<Defs>

	<ScenarioDef>
		<defName>CactoidMigration</defName>
		<label>Cactoid Migration</label>
		<description>Water, always rationed, always saved, simply ran out.  The tribe dwindled to but four survivors.  The land was no longer a home with so many gone.  The horizon leads to new beginnings and new hope.  </description>
		<scenario>
			<summary>A group of hardy Cactoids has left their homeland after a prolonged drought.</summary>
			<playerFaction>
				<def>PlayerFaction</def>
				<factionDef>CactoidPlayerTribe</factionDef>
			</playerFaction>
			<parts>
				<li Class="ScenPart_ConfigPage_ConfigureStartingPawns">
					<def>ConfigPage_ConfigureStartingPawns</def>
					<pawnCount>4</pawnCount>
				</li>
				<li Class="ScenPart_PlayerPawnsArriveMethod">
					<def>PlayerPawnsArriveMethod</def>
				</li>
				<li Class="ScenPart_StartingThing_Defined">
					<def>StartingThing_Defined</def>
					<thingDef>Silver</thingDef>
					<count>200</count>
				</li>
				<li Class="ScenPart_StartingThing_Defined">
					<def>StartingThing_Defined</def>
					<thingDef>RawAgave</thingDef>
					<count>210</count>
				</li>
				<li Class="ScenPart_StartingThing_Defined">
					<def>StartingThing_Defined</def>
					<thingDef>MedicineHerbal</thingDef>
					<count>24</count>
				</li>
				<li Class="ScenPart_StartingThing_Defined">
					<def>StartingThing_Defined</def>
					<thingDef>MeleeWeapon_LongNeedle</thingDef>
					<stuff>BlocksMarble</stuff>
				</li>
				<li Class="ScenPart_StartingThing_Defined">
					<def>StartingThing_Defined</def>
					<thingDef>CactoidBlowgun</thingDef>
					<count>2</count>
				</li>
				<li Class="ScenPart_StartingAnimal">
					<def>StartingAnimal</def>
					<animalKind>Dromedary</animalKind>
					<count>1</count>
					<bondToRandomPlayerPawnChance>1</bondToRandomPlayerPawnChance>
				</li>
				<li Class="ScenPart_ScatterThingsNearPlayerStart">
					<def>ScatterThingsNearPlayerStart</def>
					<thingDef>WoodLog</thingDef>
					<count>400</count>
				</li>
				<li Class="ScenPart_ScatterThingsAnywhere">
					<def>ScatterThingsAnywhere</def>
					<thingDef>ShipChunk</thingDef>
					<count>6</count>
				</li>
				<li Class="ScenPart_ScatterThingsAnywhere">
					<def>ScatterThingsAnywhere</def>
					<thingDef>Steel</thingDef>
					<count>250</count>
				</li>
				<li Class="ScenPart_ScatterThingsAnywhere">
					<def>ScatterThingsAnywhere</def>
					<thingDef>MealSurvivalPack</thingDef>
					<count>15</count>
				</li>
				<li Class="ScenPart_GameStartDialog">
					<def>GameStartDialog</def>
					<text>The tribe has walked for weeks seeking a place to settle. Then, a sign appears from the heavens; a bright ball of flame and crashing thunder fills the dawn.\n\nThe sojourn is complete. Here a new home will be built for these hardy four survivors.  Lead these hardy people to a prosperous future.</text>
					<textKey>GameStartDialog</textKey>
					<closeSound>GameStartSting</closeSound>
				</li>
				<li Class="ScenPart_PawnFilter_Age">
					<def>PawnFilter_Age</def>
					<allowedAgeRange>17~79</allowedAgeRange>
				</li>
				<li Class="ScenPart_CreateIncident">
					<def>CreateIncident</def>
					<incident>ResourcePodCrash</incident>
				</li>
				<li Class="ScenPart_CreateIncident">
					<def>CreateIncident</def>
					<incident>ShipChunkDrop</incident>
					<intervalDays>1</intervalDays>
				</li>
				<li Class="ScenPart_ForcedHediff">
					<def>ForcedHediff</def>
					<chance>0.25</chance>
					<context>PlayerStarter</context>
					<hediff>Malnutrition</hediff>
					<severityRange>0.09533334~0.22</severityRange>
				</li>
				<li Class="ScenPart_StartingResearch">
					<def>StartingResearch</def>
					<project>Stonecutting</project>
				</li>
				<li Class="ScenPart_StatFactor">
					<def>StatFactor</def>
					<stat>PlantWorkSpeed</stat>
					<factor>1.15</factor>
				</li>
				<li Class="ScenPart_StatFactor">
					<def>StatFactor</def>
					<stat>PlantHarvestYield</stat>
					<factor>1.2</factor>
				</li>
			</parts>
		</scenario>
	</ScenarioDef>
</Defs>